{"cameraMode":{"drawMode":0,"name":"Shaded","section":"Shading Mode"},"sceneLighting":false,"audioPlay":false,"sceneViewState":{"m_AlwaysRefresh":false,"showFog":true,"showSkybox":false,"showFlares":true,"showImageEffects":true,"showParticleSystems":true,"showVisualEffectGraphs":true,"m_FxEnabled":true},"in2DMode":false,"pivot":{"x":0.3865010738372803,"y":0.012203117832541466,"z":3.2295565605163576},"rotation":{"x":0.0001000082993414253,"y":-0.9997580051422119,"z":0.02280939556658268,"w":0.00460565323010087},"size":1.1785410642623902,"orthographic":false}